<?xml version="1.0" encoding="UTF-8"?><?xml-stylesheet type='text/xsl' href='_UpgradeReport_Files/UpgradeReport.xslt'?><UpgradeLog>
<Properties><Property Name="Solution" Value="ProjectBuilder">
</Property><Property Name="Solution File" Value="C:\svn\prototyping\Tests and Prototypes\Prototypes\ReferenceBuilder\ProjectBuilder.sln">
</Property><Property Name="Date" Value="30 September 2010">
</Property><Property Name="Time" Value="12:45">
</Property></Properties><Event ErrorLevel="0" Project="ProjectBuilder" Source="ProjectBuilder.csproj" Description="Project converted successfully">
</Event><Event ErrorLevel="3" Project="ProjectBuilder" Source="ProjectBuilder.csproj" Description="Converted">
</Event><Event ErrorLevel="0" Project="" Source="ProjectBuilder.sln" Description="Solution converted successfully">
</Event><Event ErrorLevel="3" Project="" Source="ProjectBuilder.sln" Description="Converted">
</Event><Event ErrorLevel="0" Project="ProjectBuilder" Source="ProjectBuilder.csproj" Description="Scan complete: Upgrade not required for project files.">
</Event></UpgradeLog>